{"cameraMode":{"drawMode":0,"name":"Shaded","section":"Shading Mode"},"sceneLighting":false,"audioPlay":false,"sceneViewState":{"m_AlwaysRefresh":false,"showFog":true,"showSkybox":false,"showFlares":true,"showImageEffects":true,"showParticleSystems":true,"showVisualEffectGraphs":true,"m_FxEnabled":true},"in2DMode":false,"pivot":{"x":0.01382756233215332,"y":1.9753979444503785,"z":-0.005057811737060547},"rotation":{"x":-0.11720467358827591,"y":0.8558570742607117,"z":-0.22173675894737245,"w":-0.4524529278278351},"size":5.538715839385986,"orthographic":false}