{"cameraMode":{"drawMode":0,"name":"Shaded","section":"Shading Mode"},"sceneLighting":false,"audioPlay":false,"sceneViewState":{"m_AlwaysRefresh":false,"showFog":true,"showSkybox":false,"showFlares":true,"showImageEffects":true,"showParticleSystems":true,"showVisualEffectGraphs":true,"m_FxEnabled":true},"in2DMode":false,"pivot":{"x":-2.08251690864563,"y":1.2403373718261719,"z":-2.6983423233032228},"rotation":{"x":0.48116910457611086,"y":-0.038860999047756198,"z":0.021445875987410547,"w":0.8755712509155273},"size":8.973430633544922,"orthographic":false}