{"cameraMode":{"drawMode":0,"name":"Shaded","section":"Shading Mode"},"sceneLighting":false,"audioPlay":false,"sceneViewState":{"m_AlwaysRefresh":false,"showFog":true,"showSkybox":false,"showFlares":true,"showImageEffects":true,"showParticleSystems":true,"showVisualEffectGraphs":true,"m_FxEnabled":true},"in2DMode":false,"pivot":{"x":7.229986190795898,"y":-10.940458297729493,"z":139.13499450683595},"rotation":{"x":-0.3051089346408844,"y":-0.16609208285808564,"z":0.053962886333465579,"w":-0.9362698197364807},"size":26.251888275146486,"orthographic":false}