{"cameraMode":{"drawMode":0,"name":"Shaded","section":"Shading Mode"},"sceneLighting":false,"audioPlay":false,"sceneViewState":{"m_AlwaysRefresh":false,"showFog":true,"showSkybox":false,"showFlares":true,"showImageEffects":true,"showParticleSystems":true,"showVisualEffectGraphs":true,"m_FxEnabled":true},"in2DMode":false,"pivot":{"x":7.229986190795898,"y":1.8595415353775025,"z":139.13499450683595},"rotation":{"x":-0.4774094223976135,"y":0.030275410041213037,"z":-0.016514219343662263,"w":-0.8780649900436401},"size":86.7838134765625,"orthographic":false}